customerID,gender,SeniorCitizen,tenure,PhoneService,InternetService,MonthlyCharges,TotalCharges,Churn
CUST00001,Female,1,2,No,DSL,60.82,121.24,Yes
CUST00002,Female,1,7,No,Fiber optic,77.35,521.82,No
CUST00003,Female,0,12,Yes,No,20.19,132.71,No
CUST00004,Female,1,33,Yes,DSL,94.45,2815.79,Yes
CUST00005,Female,1,7,Yes,DSL,83.24,646.6,Yes
CUST00006,Female,0,66,Yes,No,80.61,4852.0,No
CUST00007,Female,0,67,Yes,DSL,59.59,3715.72,No
CUST00008,Male,0,70,No,DSL,58.56,3764.6,No
CUST00009,Female,0,52,Yes,Fiber optic,62.97,3087.43,No
CUST00010,Female,0,34,Yes,No,85.01,2677.93,No
CUST00011,Male,0,28,No,DSL,71.38,1893.04,No
CUST00012,Male,0,8,Yes,DSL,79.41,622.51,Yes
CUST00013,Female,1,57,No,Fiber optic,30.9,2221.49,Yes
CUST00014,Male,0,2,No,DSL,99.11,185.95,No
CUST00015,Female,1,4,Yes,Fiber optic,70.76,286.35,Yes
CUST00016,Female,0,0,Yes,No,75.78,,No
CUST00017,Female,1,22,Yes,DSL,79.92,1567.7,No
CUST00018,Male,0,49,No,Fiber optic,22.58,1029.8,Yes
CUST00019,Male,1,11,No,Fiber optic,80.14,865.79,No
CUST00020,Male,0,54,No,No,97.21,5468.7,No
CUST00021,Male,1,14,Yes,DSL,63.68,879.67,No
CUST00022,Female,1,0,Yes,Fiber optic,94.71,,Yes
CUST00023,Female,0,46,Yes,DSL,70.77,3181.06,No
CUST00024,Male,0,24,No,DSL,57.5,1151.52,No
CUST00025,Female,0,3,No,No,84.16,251.06,No
CUST00026,Female,0,38,Yes,Fiber optic,79.25,2865.59,No
CUST00027,Female,1,6,No,No,67.16,383.25,No
CUST00028,Female,0,2,No,DSL,85.93,,Yes
CUST00029,Male,1,27,Yes,Fiber optic,41.45,869.07,Yes
CUST00030,Male,0,6,Yes,Fiber optic,96.63,639.77,Yes
CUST00031,Female,1,10,Yes,DSL,104.32,1048.64,Yes
CUST00032,Female,0,32,Yes,Fiber optic,90.54,2603.99,Yes
CUST00033,Female,0,17,No,DSL,87.36,1493.02,No
CUST00034,Female,0,1,Yes,DSL,96.34,92.34,No
CUST00035,Male,0,11,Yes,DSL,88.06,937.2,Yes
CUST00036,Male,0,14,No,Fiber optic,46.8,773.9,Yes
CUST00037,Male,0,18,Yes,No,62.73,1110.31,No
CUST00038,Male,0,2,Yes,Fiber optic,79.87,158.18,No
CUST00039,Male,0,1,No,DSL,81.56,82.12,Yes
CUST00040,Female,0,11,Yes,No,73.46,893.89,No
CUST00041,Female,0,42,Yes,Fiber optic,52.61,1892.0,No
CUST00042,Female,0,0,Yes,No,75.24,,No
CUST00043,Male,1,53,Yes,Fiber optic,20.5,1475.25,Yes
CUST00044,Male,0,26,No,Fiber optic,69.03,1920.07,Yes
CUST00045,Male,1,18,No,No,59.8,1218.71,No
CUST00046,Male,0,45,No,No,23.87,1189.43,No
CUST00047,Female,0,37,Yes,Fiber optic,74.14,2929.12,No
CUST00048,Male,1,5,No,DSL,62.43,306.0,No
CUST00049,Female,0,8,Yes,No,69.79,612.29,No
CUST00050,Female,0,65,Yes,Fiber optic,89.89,6168.59,No
CUST00051,Male,0,47,No,Fiber optic,53.74,2521.23,No
CUST00052,Female,0,7,No,DSL,105.44,707.83,Yes
CUST00053,Male,1,17,Yes,Fiber optic,66.7,1131.15,Yes
CUST00054,Male,0,56,No,DSL,55.08,2848.98,No
CUST00055,Male,0,7,No,Fiber optic,67.17,453.16,No
CUST00056,Female,0,8,Yes,DSL,73.93,599.83,No
CUST00057,Female,0,3,Yes,Fiber optic,85.24,266.99,Yes
CUST00058,Female,0,3,No,No,73.73,229.57,Yes
CUST00059,Male,0,31,No,DSL,74.9,2380.19,No
CUST00060,Female,0,1,Yes,Fiber optic,60.07,54.71,Yes
CUST00061,Female,0,9,No,DSL,109.18,977.94,Yes
CUST00062,Male,0,44,Yes,No,88.11,3876.73,No
CUST00063,Male,1,63,No,No,68.87,4567.75,No
CUST00064,Male,1,53,No,No,38.91,1990.25,Yes
CUST00065,Female,0,3,No,DSL,83.34,240.84,Yes
CUST00066,Male,0,7,No,No,84.71,546.97,Yes
CUST00067,Female,0,16,No,Fiber optic,44.43,653.92,No
CUST00068,Male,0,12,Yes,Fiber optic,44.5,424.55,No
CUST00069,Male,0,47,No,No,83.84,4237.35,No
CUST00070,Female,0,2,No,Fiber optic,75.41,167.33,No
CUST00071,Male,0,18,Yes,DSL,64.44,1102.74,No
CUST00072,Male,0,4,Yes,DSL,88.71,353.54,Yes
CUST00073,Male,1,38,No,DSL,89.24,3622.1,No
CUST00074,Female,0,10,Yes,DSL,80.47,747.04,Yes
CUST00075,Female,0,11,Yes,DSL,71.21,815.1,Yes
CUST00076,Male,1,45,No,No,68.59,3202.6,Yes
CUST00077,Female,0,52,Yes,Fiber optic,52.32,2862.02,Yes
CUST00078,Female,1,35,Yes,DSL,32.65,1079.52,No
CUST00079,Female,0,60,Yes,Fiber optic,50.17,2884.72,No
CUST00080,Female,0,12,No,No,37.39,470.13,No
CUST00081,Female,0,70,Yes,No,39.2,2954.73,No
CUST00082,Male,1,32,No,Fiber optic,99.46,3489.75,No
CUST00083,Female,1,45,Yes,Fiber optic,85.72,3526.16,No
CUST00084,Male,0,5,No,DSL,107.52,530.31,No
CUST00085,Male,0,9,No,DSL,98.52,967.63,Yes
CUST00086,Male,0,2,No,DSL,61.7,110.28,No
CUST00087,Male,0,25,Yes,DSL,65.99,1790.08,No
CUST00088,Female,1,2,No,DSL,96.97,176.74,No
CUST00089,Male,0,12,No,Fiber optic,62.11,831.74,Yes
CUST00090,Male,0,36,No,DSL,92.02,3338.42,No
CUST00091,Female,0,36,Yes,Fiber optic,72.05,2851.6,No
CUST00092,Male,0,55,No,DSL,75.98,4566.93,No
CUST00093,Male,0,0,No,Fiber optic,103.69,,Yes
CUST00094,Male,0,6,No,DSL,100.12,579.44,Yes
CUST00095,Male,0,7,Yes,DSL,88.25,585.68,Yes
CUST00096,Male,0,69,No,DSL,38.72,2123.34,No
CUST00097,Female,0,20,Yes,DSL,55.45,1305.05,No
CUST00098,Female,0,7,Yes,Fiber optic,91.41,620.68,No
CUST00099,Male,0,2,No,No,84.32,156.36,No
CUST00100,Female,1,0,Yes,No,106.21,,Yes
CUST00101,Female,0,12,No,DSL,39.82,392.09,No
CUST00102,Male,0,22,No,Fiber optic,58.0,1305.36,No
CUST00103,Female,0,62,No,DSL,41.12,2424.56,No
CUST00104,Female,0,19,No,Fiber optic,31.58,753.26,Yes
CUST00105,Female,0,59,No,Fiber optic,97.75,5643.16,No
CUST00106,Female,1,29,No,DSL,67.05,1951.49,Yes
CUST00107,Male,0,5,No,No,108.49,512.8,Yes
CUST00108,Male,1,9,No,DSL,106.89,934.77,No
CUST00109,Female,0,18,Yes,Fiber optic,98.04,1896.01,No
CUST00110,Male,0,30,Yes,DSL,39.47,1194.37,No
CUST00111,Male,0,5,Yes,Fiber optic,80.32,445.5,No
CUST00112,Female,0,12,Yes,No,35.13,389.38,No
CUST00113,Male,0,64,No,No,49.76,2920.69,No
CUST00114,Female,0,9,Yes,No,67.47,653.72,No
CUST00115,Female,0,7,Yes,DSL,73.17,500.55,Yes
CUST00116,Male,1,17,No,DSL,89.05,1391.29,Yes
CUST00117,Female,0,65,No,DSL,87.38,5713.0,No
CUST00118,Female,0,7,No,DSL,92.85,706.99,Yes
CUST00119,Male,1,27,Yes,Fiber optic,44.72,942.29,No
CUST00120,Male,0,4,No,Fiber optic,78.28,305.02,Yes
CUST00121,Female,1,4,No,DSL,96.45,374.21,No
CUST00122,Female,0,43,Yes,Fiber optic,26.98,1150.59,Yes
CUST00123,Female,1,0,Yes,Fiber optic,91.66,,No
CUST00124,Female,0,7,Yes,No,108.93,815.47,No
CUST00125,Male,0,12,No,DSL,55.74,692.0,No
CUST00126,Female,0,63,No,DSL,86.07,4971.35,No
CUST00127,Female,1,64,No,Fiber optic,91.78,5932.3,Yes
CUST00128,Male,0,13,Yes,Fiber optic,62.92,710.31,Yes
CUST00129,Male,1,36,Yes,DSL,56.97,2102.12,No
CUST00130,Female,1,10,No,DSL,73.63,766.36,No
CUST00131,Female,0,60,No,Fiber optic,59.89,3054.89,Yes
CUST00132,Male,0,58,No,Fiber optic,70.03,,No
CUST00133,Female,0,57,Yes,Fiber optic,82.51,5201.48,Yes
CUST00134,Female,0,22,No,No,26.05,534.66,No
CUST00135,Female,0,12,Yes,Fiber optic,96.38,1267.77,No
CUST00136,Male,0,37,No,DSL,30.1,1067.45,No
CUST00137,Female,0,60,No,Fiber optic,95.79,5719.74,No
CUST00138,Male,0,54,No,DSL,75.75,4357.7,No
CUST00139,Female,1,38,Yes,DSL,92.16,3579.57,No
CUST00140,Female,0,24,No,DSL,68.34,1431.14,No
CUST00141,Male,0,0,No,Fiber optic,108.66,,Yes
CUST00142,Female,1,0,No,DSL,94.68,,No
CUST00143,Male,0,44,Yes,Fiber optic,52.01,1866.42,No
CUST00144,Male,0,11,No,DSL,104.08,1048.52,No
CUST00145,Male,1,68,No,DSL,20.32,993.55,Yes
CUST00146,Male,1,0,No,DSL,104.93,,No
CUST00147,Male,0,22,Yes,DSL,65.84,1269.87,No
CUST00148,Male,0,13,Yes,Fiber optic,76.59,1118.08,No
CUST00149,Female,0,22,Yes,Fiber optic,25.14,504.75,Yes
CUST00150,Male,0,9,Yes,DSL,92.87,831.94,Yes
CUST00151,Female,0,51,No,Fiber optic,33.52,2012.55,No
CUST00152,Male,0,40,Yes,Fiber optic,88.55,3155.02,Yes
CUST00153,Female,0,18,No,Fiber optic,70.74,1436.65,Yes
CUST00154,Female,0,13,No,Fiber optic,93.5,1270.26,No
CUST00155,Female,1,24,No,DSL,22.05,464.29,No
CUST00156,Female,0,22,No,Fiber optic,26.21,625.88,Yes
CUST00157,Male,1,19,No,No,38.43,674.67,Yes
CUST00158,Male,1,12,No,No,58.2,785.54,No
CUST00159,Male,0,1,No,No,89.5,86.64,Yes
CUST00160,Male,0,39,Yes,No,55.87,2242.33,No
CUST00161,Male,0,14,No,DSL,77.41,,No
CUST00162,Female,0,10,Yes,DSL,64.25,695.14,No
CUST00163,Female,1,45,Yes,DSL,23.88,1095.75,Yes
CUST00164,Female,0,10,No,DSL,73.92,674.44,Yes
CUST00165,Male,1,14,Yes,Fiber optic,25.1,489.86,No
CUST00166,Female,0,19,No,DSL,52.6,977.4,No
CUST00167,Female,0,10,Yes,DSL,99.03,918.67,No
CUST00168,Male,0,34,Yes,Fiber optic,67.63,2086.44,No
CUST00169,Male,1,3,No,No,73.27,190.33,No
CUST00170,Female,1,21,No,DSL,53.04,1214.33,No
CUST00171,Female,0,4,Yes,DSL,62.98,280.37,No
CUST00172,Male,1,3,Yes,No,95.14,287.14,Yes
CUST00173,Male,0,29,Yes,DSL,99.25,,No
CUST00174,Male,0,28,Yes,Fiber optic,25.36,436.86,No
CUST00175,Male,0,60,Yes,Fiber optic,81.94,5445.55,Yes
CUST00176,Female,0,13,Yes,DSL,21.62,308.99,No
CUST00177,Male,0,0,Yes,Fiber optic,60.68,,Yes
CUST00178,Male,0,8,Yes,DSL,99.24,821.84,No
CUST00179,Male,0,59,No,DSL,76.83,5022.91,No
CUST00180,Female,0,2,No,Fiber optic,98.98,183.87,Yes
CUST00181,Male,0,35,No,Fiber optic,77.89,2889.76,Yes
CUST00182,Female,0,7,Yes,DSL,76.53,496.31,No
CUST00183,Male,0,52,Yes,No,50.45,2509.19,No
CUST00184,Female,0,7,No,DSL,69.31,543.99,No
CUST00185,Male,0,30,No,No,42.24,,No
CUST00186,Female,0,7,No,DSL,96.23,681.64,Yes
CUST00187,Female,0,18,No,Fiber optic,68.58,1104.6,No
CUST00188,Male,0,6,No,DSL,107.19,630.93,Yes
CUST00189,Male,0,52,Yes,Fiber optic,99.33,4953.86,No
CUST00190,Male,0,21,No,DSL,79.81,1776.25,No
CUST00191,Male,1,69,No,No,75.38,5175.58,Yes
CUST00192,Male,0,67,No,Fiber optic,36.49,2260.3,Yes
CUST00193,Male,0,1,Yes,No,93.74,100.31,Yes
CUST00194,Male,0,52,Yes,No,85.09,4288.0,No
CUST00195,Female,1,26,No,DSL,63.17,1662.16,No
CUST00196,Female,0,54,Yes,Fiber optic,42.27,2183.81,No
CUST00197,Female,0,54,Yes,DSL,54.43,3138.74,No
CUST00198,Male,0,64,Yes,DSL,31.83,,No
CUST00199,Female,0,28,No,Fiber optic,58.77,1554.87,No
CUST00200,Female,0,8,No,No,91.71,680.18,Yes
CUST00201,Male,1,9,Yes,Fiber optic,104.36,983.84,Yes
CUST00202,Male,1,70,No,Fiber optic,25.1,1204.42,No
CUST00203,Female,0,10,Yes,DSL,103.13,1046.55,Yes
CUST00204,Female,0,53,No,Fiber optic,67.08,3348.47,Yes
CUST00205,Female,1,1,Yes,DSL,89.25,,Yes
CUST00206,Male,0,23,No,Fiber optic,96.14,2156.28,No
CUST00207,Male,0,31,Yes,No,21.3,818.4,No
CUST00208,Female,0,2,No,Fiber optic,81.82,156.04,Yes
CUST00209,Female,0,66,Yes,Fiber optic,95.38,,No
CUST00210,Male,0,33,Yes,Fiber optic,43.27,1191.11,Yes
CUST00211,Male,0,11,Yes,Fiber optic,63.78,744.84,Yes
CUST00212,Male,0,6,No,Fiber optic,67.75,411.34,Yes
CUST00213,Male,0,38,Yes,Fiber optic,33.7,1071.61,No
CUST00214,Male,0,71,No,DSL,66.19,5227.36,No
CUST00215,Male,0,24,No,No,95.85,2483.94,No
CUST00216,Female,0,17,No,Fiber optic,60.65,936.22,No
CUST00217,Female,1,9,Yes,Fiber optic,96.78,846.45,Yes
CUST00218,Male,0,36,Yes,DSL,38.6,1741.31,No
CUST00219,Male,0,27,No,Fiber optic,74.66,1928.91,No
CUST00220,Male,0,0,Yes,No,69.45,,No
CUST00221,Male,0,11,Yes,No,93.74,1017.8,No
CUST00222,Female,0,36,Yes,DSL,49.24,1844.58,No
CUST00223,Female,0,13,No,DSL,84.08,1213.94,No
CUST00224,Female,0,27,No,DSL,64.72,,No
CUST00225,Male,0,62,Yes,DSL,80.97,4850.75,No
CUST00226,Female,0,8,No,Fiber optic,86.17,763.29,Yes
CUST00227,Female,0,44,No,Fiber optic,21.81,1055.84,No
CUST00228,Female,1,0,Yes,Fiber optic,104.54,,Yes
CUST00229,Female,1,37,No,DSL,87.12,2885.58,No
CUST00230,Female,0,26,No,DSL,40.36,1082.13,No
CUST00231,Male,0,11,No,Fiber optic,70.33,846.37,No
CUST00232,Male,0,29,Yes,Fiber optic,60.21,2011.35,Yes
CUST00233,Female,0,47,No,Fiber optic,33.47,1773.89,No
CUST00234,Male,0,2,Yes,Fiber optic,105.54,202.17,Yes
CUST00235,Male,0,44,No,Fiber optic,30.9,1045.14,No
CUST00236,Male,0,40,No,DSL,41.69,1814.49,No
CUST00237,Female,0,68,Yes,No,97.48,6134.11,No
CUST00238,Female,1,9,No,DSL,61.77,547.29,No
CUST00239,Male,1,5,No,Fiber optic,82.8,382.51,No
CUST00240,Male,1,12,Yes,Fiber optic,38.44,547.81,Yes
CUST00241,Female,0,0,No,Fiber optic,90.34,,No
CUST00242,Male,0,26,Yes,Fiber optic,71.2,1917.21,No
CUST00243,Female,0,37,No,DSL,27.76,996.21,No
CUST00244,Male,0,55,Yes,Fiber optic,90.94,4469.75,Yes
CUST00245,Female,1,45,Yes,DSL,30.19,1022.46,Yes
CUST00246,Male,0,37,No,DSL,77.48,2889.9,No
CUST00247,Female,0,42,Yes,Fiber optic,71.18,3009.22,Yes
CUST00248,Female,0,9,No,DSL,103.06,881.33,Yes
CUST00249,Male,0,3,Yes,DSL,108.66,312.69,Yes
CUST00250,Female,0,39,No,DSL,60.89,2021.88,No
CUST00251,Male,0,39,Yes,No,60.52,2722.3,No
CUST00252,Female,0,12,No,DSL,83.66,1029.0,No
CUST00253,Female,1,11,No,No,107.44,1243.51,No
CUST00254,Female,0,2,No,DSL,92.36,193.82,Yes
CUST00255,Male,1,32,No,No,67.26,2416.88,No
CUST00256,Male,0,14,No,No,58.89,908.45,No
CUST00257,Female,1,28,No,DSL,62.51,1964.79,Yes
CUST00258,Female,0,9,No,Fiber optic,80.78,699.61,Yes
CUST00259,Female,0,5,No,Fiber optic,66.5,300.5,No
CUST00260,Female,1,70,Yes,DSL,25.17,1343.41,No
CUST00261,Female,0,5,No,DSL,105.47,515.98,Yes
CUST00262,Female,0,5,Yes,No,75.8,355.76,No
CUST00263,Female,1,70,Yes,Fiber optic,57.26,4000.89,No
CUST00264,Male,1,47,No,Fiber optic,74.61,3702.36,No
CUST00265,Male,0,2,Yes,DSL,71.88,150.78,No
CUST00266,Female,0,44,Yes,No,50.08,1984.31,No
CUST00267,Female,1,15,Yes,Fiber optic,93.68,1548.68,No
CUST00268,Female,0,1,Yes,No,73.29,80.28,No
CUST00269,Female,0,5,No,DSL,109.41,548.25,Yes
CUST00270,Female,0,51,No,DSL,79.49,4302.27,No
CUST00271,Female,0,10,No,Fiber optic,61.93,678.14,No
CUST00272,Male,0,39,No,Fiber optic,21.25,983.82,Yes
CUST00273,Male,0,3,No,DSL,102.04,305.47,No
CUST00274,Female,0,1,Yes,Fiber optic,94.57,95.43,Yes
CUST00275,Female,0,15,No,Fiber optic,76.57,1106.3,Yes
CUST00276,Male,0,10,Yes,DSL,107.95,1042.96,Yes
CUST00277,Female,0,12,No,DSL,50.08,581.85,No
CUST00278,Female,0,38,No,No,73.91,2701.65,No
CUST00279,Male,0,27,Yes,No,49.9,1207.12,No
CUST00280,Female,1,40,Yes,No,20.82,933.49,Yes
CUST00281,Female,1,56,Yes,No,34.92,1950.55,No
CUST00282,Female,1,52,No,No,69.19,3222.19,No
CUST00283,Female,0,4,No,No,108.24,465.75,Yes
CUST00284,Male,0,46,Yes,DSL,78.14,3833.54,No
CUST00285,Male,0,31,No,No,61.77,1654.24,No
CUST00286,Female,0,51,Yes,DSL,84.84,4274.55,No
CUST00287,Female,0,15,Yes,No,50.8,837.53,No
CUST00288,Female,1,27,No,DSL,61.65,1755.93,No
CUST00289,Female,1,23,No,No,62.42,1587.87,No
CUST00290,Female,1,25,No,DSL,44.59,1340.77,No
CUST00291,Male,1,7,No,DSL,88.88,670.47,Yes
CUST00292,Male,0,58,No,No,37.78,2188.79,No
CUST00293,Male,0,40,No,Fiber optic,21.81,736.21,Yes
CUST00294,Male,0,56,Yes,Fiber optic,72.5,4262.99,Yes
CUST00295,Male,1,5,No,DSL,106.68,521.07,No
CUST00296,Female,1,12,Yes,Fiber optic,35.8,495.53,Yes
CUST00297,Female,0,70,No,DSL,76.26,,No
CUST00298,Male,0,11,Yes,Fiber optic,66.03,,No
CUST00299,Male,0,54,Yes,DSL,80.84,,No
CUST00300,Female,0,48,Yes,No,44.06,2137.79,No
CUST00301,Male,0,0,No,Fiber optic,91.29,,Yes
CUST00302,Male,0,4,Yes,DSL,106.14,410.75,No
CUST00303,Female,0,25,Yes,Fiber optic,29.83,938.71,Yes
CUST00304,Male,1,45,Yes,Fiber optic,60.0,3035.01,Yes
CUST00305,Female,0,48,No,Fiber optic,92.59,4682.27,Yes
CUST00306,Female,1,4,Yes,DSL,108.6,430.0,No
CUST00307,Female,0,29,Yes,DSL,36.54,850.88,No
CUST00308,Male,0,52,No,Fiber optic,37.83,1629.26,No
CUST00309,Female,0,54,No,DSL,75.61,4122.67,No
CUST00310,Male,0,20,Yes,No,27.4,713.29,No
CUST00311,Female,0,48,Yes,Fiber optic,50.04,2704.08,No
CUST00312,Male,0,72,Yes,DSL,26.04,1265.41,No
CUST00313,Female,0,7,Yes,No,103.62,751.64,Yes
CUST00314,Male,0,11,Yes,Fiber optic,76.39,811.33,Yes
CUST00315,Male,1,27,Yes,DSL,70.38,2081.03,No
CUST00316,Female,0,7,No,Fiber optic,98.53,650.95,No
CUST00317,Male,0,12,Yes,DSL,45.19,549.55,No
CUST00318,Female,0,42,Yes,No,52.09,2511.7,No
CUST00319,Female,0,0,No,DSL,85.53,,No
CUST00320,Female,1,5,No,Fiber optic,79.0,361.7,Yes
CUST00321,Female,1,18,No,DSL,56.81,957.35,Yes
CUST00322,Male,1,7,No,No,105.77,704.45,Yes
CUST00323,Female,0,6,Yes,No,94.66,590.49,Yes
CUST00324,Male,0,19,No,Fiber optic,67.65,1097.97,Yes
CUST00325,Female,0,34,No,DSL,58.89,2312.1,No
CUST00326,Male,0,8,No,DSL,61.18,479.16,No
CUST00327,Male,0,12,No,DSL,93.88,1148.45,No
CUST00328,Male,0,38,Yes,Fiber optic,92.02,3639.56,No
CUST00329,Male,0,0,No,Fiber optic,74.09,,Yes
CUST00330,Male,0,35,No,Fiber optic,38.7,1703.02,No
CUST00331,Female,0,66,Yes,No,25.6,1860.8,No
CUST00332,Female,0,0,No,DSL,98.52,,Yes
CUST00333,Male,0,57,No,DSL,61.29,3330.69,No
CUST00334,Male,0,7,Yes,DSL,106.86,687.7,Yes
CUST00335,Male,1,1,Yes,DSL,104.44,113.39,Yes
CUST00336,Male,0,72,Yes,DSL,67.46,4936.19,No
CUST00337,Male,0,26,No,DSL,92.32,2607.88,No
CUST00338,Male,0,35,Yes,DSL,41.72,1548.89,No
CUST00339,Female,1,39,No,DSL,66.27,2502.38,No
CUST00340,Female,0,31,Yes,DSL,97.33,3124.94,No
CUST00341,Female,1,17,No,DSL,98.19,1673.84,No
CUST00342,Female,1,44,No,Fiber optic,26.49,1489.88,No
CUST00343,Male,0,21,No,Fiber optic,92.56,2084.92,No
CUST00344,Male,0,8,No,Fiber optic,64.67,474.02,Yes
CUST00345,Male,1,66,No,Fiber optic,23.77,1854.65,No
CUST00346,Male,0,42,No,No,63.06,2974.62,No
CUST00347,Male,1,60,No,No,87.35,5475.72,No
CUST00348,Female,0,59,Yes,Fiber optic,89.66,5447.04,Yes
CUST00349,Female,0,9,Yes,DSL,75.61,617.47,No
CUST00350,Male,0,5,Yes,DSL,109.55,530.24,Yes
CUST00351,Female,0,17,Yes,DSL,33.14,618.81,No
CUST00352,Female,0,12,Yes,Fiber optic,72.72,839.62,No
CUST00353,Male,0,20,Yes,No,75.76,,No
CUST00354,Male,0,3,Yes,DSL,89.46,286.24,No
CUST00355,Female,0,70,No,No,48.56,3806.16,No
CUST00356,Male,0,51,No,Fiber optic,79.65,4327.73,Yes
CUST00357,Female,0,7,No,DSL,73.21,476.44,No
CUST00358,Female,0,18,Yes,Fiber optic,83.37,,Yes
CUST00359,Female,0,49,Yes,DSL,82.98,4480.27,No
CUST00360,Female,0,31,No,Fiber optic,36.68,1130.29,No
CUST00361,Female,0,51,Yes,Fiber optic,54.06,2876.51,Yes
CUST00362,Female,0,61,No,DSL,25.17,2098.55,No
CUST00363,Female,0,19,No,DSL,64.56,1204.45,No
CUST00364,Female,1,43,Yes,DSL,47.15,1999.1,Yes
CUST00365,Female,0,17,No,Fiber optic,74.61,1118.89,No
CUST00366,Male,0,15,Yes,DSL,42.98,703.27,No
CUST00367,Female,0,8,No,DSL,98.56,795.42,Yes
CUST00368,Male,0,10,Yes,DSL,92.65,966.59,Yes
CUST00369,Female,0,50,No,DSL,33.82,1942.94,No
CUST00370,Female,0,39,No,DSL,31.59,870.81,No
CUST00371,Male,0,33,Yes,No,37.21,1313.91,No
CUST00372,Male,1,4,No,Fiber optic,60.65,240.06,No
CUST00373,Female,0,3,Yes,DSL,96.56,274.23,No
CUST00374,Male,0,20,No,No,31.93,557.09,No
CUST00375,Female,1,3,No,Fiber optic,60.19,180.53,Yes
CUST00376,Male,0,28,Yes,Fiber optic,49.32,1303.7,No
CUST00377,Male,0,12,Yes,Fiber optic,89.78,969.71,Yes
CUST00378,Male,0,69,Yes,DSL,89.2,6247.03,No
CUST00379,Female,0,67,Yes,No,32.18,2225.44,No
CUST00380,Female,0,6,Yes,DSL,77.05,425.05,Yes
CUST00381,Male,0,11,Yes,DSL,86.04,917.11,Yes
CUST00382,Female,1,19,Yes,No,90.42,1624.78,No
CUST00383,Male,1,35,Yes,Fiber optic,54.77,1870.74,No
CUST00384,Female,0,24,Yes,Fiber optic,45.11,891.82,No
CUST00385,Female,0,10,Yes,DSL,79.44,714.0,Yes
CUST00386,Male,0,1,No,DSL,64.38,64.06,No
CUST00387,Female,0,39,Yes,DSL,35.28,1201.67,No
CUST00388,Female,1,47,No,Fiber optic,86.32,3630.21,Yes
CUST00389,Male,0,44,No,Fiber optic,59.48,2984.11,No
CUST00390,Male,0,12,No,Fiber optic,73.23,970.64,No
CUST00391,Male,0,61,Yes,No,23.58,1574.51,No
CUST00392,Female,0,69,No,Fiber optic,82.06,5857.03,No
CUST00393,Male,0,1,No,DSL,76.92,77.86,No
CUST00394,Female,0,12,Yes,DSL,89.34,,No
CUST00395,Male,1,31,No,Fiber optic,97.75,3087.31,No
CUST00396,Female,0,62,Yes,DSL,69.71,4810.46,No
CUST00397,Female,0,70,Yes,Fiber optic,63.55,4757.98,No
CUST00398,Female,1,0,Yes,Fiber optic,109.56,,No
CUST00399,Female,0,7,Yes,No,75.64,501.31,Yes
CUST00400,Male,0,23,Yes,No,23.63,,No
CUST00401,Male,0,71,No,DSL,98.82,7117.53,No
CUST00402,Female,0,8,Yes,Fiber optic,78.59,701.42,Yes
CUST00403,Male,0,33,Yes,DSL,29.81,786.62,No
CUST00404,Female,0,6,No,Fiber optic,69.81,441.22,No
CUST00405,Female,0,29,No,DSL,34.64,,No
CUST00406,Female,0,7,No,DSL,79.91,545.18,Yes
CUST00407,Female,0,12,No,Fiber optic,27.8,397.31,Yes
CUST00408,Male,0,25,No,No,99.83,2336.35,No
CUST00409,Male,1,16,Yes,No,85.09,1221.54,No
CUST00410,Female,1,9,No,DSL,102.61,926.83,Yes
CUST00411,Female,0,40,No,No,35.62,1262.17,No
CUST00412,Female,0,53,No,DSL,48.92,2555.99,No
CUST00413,Male,1,15,Yes,DSL,91.02,1414.59,No
CUST00414,Female,1,60,Yes,Fiber optic,28.68,2305.35,Yes
CUST00415,Female,0,42,Yes,Fiber optic,36.83,1229.91,No
CUST00416,Female,0,72,No,Fiber optic,43.15,3664.08,No
CUST00417,Female,0,49,No,No,23.85,866.5,No
CUST00418,Male,0,61,Yes,DSL,23.06,1234.08,No
CUST00419,Male,0,49,No,Fiber optic,86.06,3914.1,Yes
CUST00420,Female,0,8,Yes,No,83.72,592.81,No
CUST00421,Female,0,57,Yes,Fiber optic,65.34,3975.56,No
CUST00422,Female,0,4,No,No,104.36,387.84,Yes
CUST00423,Female,1,11,Yes,Fiber optic,80.07,,Yes
CUST00424,Female,0,6,Yes,DSL,104.27,585.53,Yes
CUST00425,Male,0,0,Yes,Fiber optic,67.78,,Yes
CUST00426,Female,0,49,No,Fiber optic,89.59,4438.96,No
CUST00427,Male,0,0,No,No,104.47,,No
CUST00428,Female,0,35,Yes,DSL,39.75,1282.54,No
CUST00429,Male,1,1,Yes,Fiber optic,100.67,95.65,Yes
CUST00430,Female,0,1,Yes,No,90.11,92.14,Yes
CUST00431,Female,0,6,No,DSL,94.89,554.76,No
CUST00432,Female,0,11,No,DSL,68.93,824.85,No
CUST00433,Male,1,20,Yes,DSL,68.86,1476.64,No
CUST00434,Male,0,17,No,DSL,24.97,432.89,No
CUST00435,Female,0,2,Yes,Fiber optic,93.5,175.29,No
CUST00436,Female,0,40,No,No,41.73,2000.58,No
CUST00437,Male,0,56,No,No,62.94,3209.84,No
CUST00438,Female,1,8,No,Fiber optic,98.94,845.0,No
CUST00439,Female,0,6,No,No,101.93,647.35,Yes
CUST00440,Male,1,8,No,DSL,75.66,659.56,No
CUST00441,Male,0,51,Yes,No,23.71,1192.31,No
CUST00442,Male,0,8,Yes,DSL,67.69,555.4,No
CUST00443,Female,1,59,Yes,Fiber optic,93.62,5455.49,Yes
CUST00444,Male,0,3,No,DSL,77.45,223.89,No
CUST00445,Female,0,65,Yes,DSL,35.6,2257.79,No
CUST00446,Male,0,49,No,Fiber optic,75.54,3454.61,No
CUST00447,Female,0,29,Yes,Fiber optic,75.75,2117.49,Yes
CUST00448,Male,0,9,No,No,75.97,616.56,Yes
CUST00449,Female,1,8,No,Fiber optic,72.01,654.11,Yes
CUST00450,Female,0,52,No,DSL,48.92,2394.67,No
CUST00451,Female,0,9,Yes,Fiber optic,92.66,778.37,Yes
CUST00452,Female,1,0,Yes,DSL,88.32,,Yes
CUST00453,Male,0,44,No,DSL,42.59,2273.88,No
CUST00454,Female,0,12,Yes,Fiber optic,23.75,332.72,No
CUST00455,Female,0,48,No,No,90.84,4135.93,No
CUST00456,Male,0,48,No,Fiber optic,70.02,3676.01,Yes
CUST00457,Male,0,19,Yes,Fiber optic,36.35,813.99,No
CUST00458,Female,0,43,No,No,41.39,1784.29,No
CUST00459,Male,0,68,Yes,DSL,68.19,5022.35,No
CUST00460,Female,0,45,Yes,Fiber optic,50.71,2205.64,No
CUST00461,Male,0,7,Yes,DSL,99.25,757.46,No
CUST00462,Male,0,11,No,Fiber optic,64.31,765.55,No
CUST00463,Male,1,33,Yes,Fiber optic,90.5,2941.63,Yes
CUST00464,Female,0,72,No,Fiber optic,36.06,2456.76,No
CUST00465,Male,0,57,No,Fiber optic,23.77,1896.07,Yes
CUST00466,Male,1,12,No,DSL,54.6,732.17,No
CUST00467,Male,0,0,No,Fiber optic,83.72,,Yes
CUST00468,Female,1,11,Yes,Fiber optic,67.32,775.88,Yes
CUST00469,Male,0,9,Yes,Fiber optic,100.94,831.9,Yes
CUST00470,Female,1,1,Yes,Fiber optic,82.85,86.15,Yes
CUST00471,Male,0,12,No,No,79.0,1042.41,No
CUST00472,Female,0,12,Yes,Fiber optic,27.2,377.74,Yes
CUST00473,Female,0,12,Yes,No,35.45,362.18,No
CUST00474,Male,0,9,Yes,DSL,107.24,962.73,No
CUST00475,Female,0,7,Yes,DSL,61.43,410.65,No
CUST00476,Male,1,7,No,No,89.29,,No
CUST00477,Female,0,37,No,Fiber optic,41.99,1426.99,No
CUST00478,Female,0,5,Yes,Fiber optic,108.5,540.12,No
CUST00479,Male,0,18,No,Fiber optic,98.33,1746.89,No
CUST00480,Male,0,11,Yes,DSL,93.32,1015.38,Yes
CUST00481,Male,0,24,Yes,DSL,63.47,,No
CUST00482,Male,0,14,Yes,Fiber optic,87.41,1297.26,No
CUST00483,Female,1,10,No,DSL,78.66,774.56,Yes
CUST00484,Male,0,8,No,DSL,78.55,601.7,Yes
CUST00485,Male,1,7,No,DSL,75.94,572.72,No
CUST00486,Male,0,12,Yes,DSL,88.27,1032.69,No
CUST00487,Male,0,7,No,Fiber optic,69.46,,Yes
CUST00488,Female,0,1,No,Fiber optic,78.28,,Yes
CUST00489,Female,0,65,Yes,DSL,45.33,3551.89,No
CUST00490,Male,0,51,No,No,68.36,3283.05,No
CUST00491,Female,1,9,No,Fiber optic,82.46,703.04,Yes
CUST00492,Male,0,30,No,Fiber optic,46.84,1395.3,Yes
CUST00493,Male,0,49,Yes,No,60.24,3201.08,No
CUST00494,Male,0,1,No,Fiber optic,64.49,72.59,No
CUST00495,Male,1,0,Yes,Fiber optic,71.9,,Yes
CUST00496,Male,0,62,No,Fiber optic,30.39,2114.19,No
CUST00497,Male,0,2,Yes,DSL,99.93,205.91,No
CUST00498,Female,0,11,No,No,81.94,809.12,No
CUST00499,Male,0,24,Yes,Fiber optic,57.03,1607.52,No
CUST00500,Female,0,1,Yes,No,100.24,107.0,Yes
CUST00501,Male,0,10,No,No,107.25,1164.57,Yes
CUST00502,Male,1,64,Yes,DSL,96.01,5921.97,No
CUST00503,Male,0,28,Yes,DSL,47.99,1569.73,No
CUST00504,Male,1,20,No,DSL,72.11,1457.96,No
CUST00505,Male,0,65,No,Fiber optic,53.32,2917.0,Yes
CUST00506,Male,1,11,No,DSL,74.06,869.09,No
CUST00507,Male,0,11,No,DSL,61.99,650.38,No
CUST00508,Male,0,59,Yes,No,33.55,2438.21,No
CUST00509,Male,0,69,No,DSL,21.29,1296.63,No
CUST00510,Male,0,8,Yes,DSL,80.92,610.51,No
CUST00511,Female,0,36,Yes,No,43.87,1344.84,No
CUST00512,Female,0,72,Yes,Fiber optic,52.57,4456.31,No
CUST00513,Male,0,69,No,Fiber optic,55.94,3713.99,No
CUST00514,Male,1,56,No,DSL,82.79,5031.65,Yes
CUST00515,Male,0,11,Yes,Fiber optic,65.87,826.81,Yes
CUST00516,Female,0,50,No,DSL,63.93,3640.02,No
CUST00517,Male,0,7,Yes,Fiber optic,100.4,713.2,Yes
CUST00518,Female,1,54,No,DSL,73.33,4338.31,Yes
CUST00519,Male,0,7,Yes,Fiber optic,94.18,,Yes
CUST00520,Male,0,1,Yes,Fiber optic,62.25,57.39,No
CUST00521,Female,0,19,Yes,DSL,86.21,1803.2,No
CUST00522,Female,0,1,No,Fiber optic,66.37,59.44,No
CUST00523,Female,0,69,Yes,DSL,85.13,5610.15,No
CUST00524,Male,0,11,Yes,No,65.31,687.9,No
CUST00525,Female,1,48,Yes,No,54.82,2772.09,No
CUST00526,Male,1,1,No,Fiber optic,106.87,101.97,Yes
CUST00527,Female,0,22,Yes,DSL,72.18,1510.28,No
CUST00528,Male,0,11,Yes,DSL,75.06,807.39,No
CUST00529,Male,0,35,No,Fiber optic,24.73,1034.31,No
CUST00530,Female,1,27,Yes,No,35.59,816.12,No
CUST00531,Female,1,16,No,Fiber optic,95.34,1672.94,No
CUST00532,Female,0,3,Yes,DSL,82.7,239.07,Yes
CUST00533,Male,1,19,Yes,DSL,99.65,1957.55,No
CUST00534,Female,0,20,Yes,DSL,38.83,811.26,No
CUST00535,Female,0,8,Yes,DSL,66.03,518.81,No
CUST00536,Female,0,2,No,Fiber optic,73.0,127.07,Yes
CUST00537,Male,0,2,Yes,DSL,85.62,189.21,No
CUST00538,Female,0,43,No,Fiber optic,51.87,2028.79,No
CUST00539,Female,1,6,No,DSL,72.14,462.38,Yes
CUST00540,Male,0,9,No,No,64.32,,No
CUST00541,Female,1,59,Yes,DSL,32.11,,No
CUST00542,Male,0,26,No,Fiber optic,56.55,1257.22,Yes
CUST00543,Male,0,63,No,DSL,37.94,1794.22,No
CUST00544,Female,1,50,Yes,No,88.0,3985.86,No
CUST00545,Male,0,46,No,Fiber optic,78.95,4085.72,No
CUST00546,Female,0,29,No,Fiber optic,40.93,1421.08,No
CUST00547,Male,0,12,No,Fiber optic,48.52,573.96,No
CUST00548,Male,0,55,Yes,Fiber optic,40.22,2184.54,Yes
CUST00549,Female,0,42,Yes,Fiber optic,29.96,1606.45,No
CUST00550,Female,1,40,Yes,DSL,25.47,689.71,No
CUST00551,Male,1,30,Yes,Fiber optic,85.93,2458.45,Yes
CUST00552,Male,0,60,No,No,77.06,4944.34,No
CUST00553,Male,1,42,No,DSL,69.3,2910.75,Yes
CUST00554,Male,0,10,Yes,No,109.49,1074.74,No
CUST00555,Male,0,56,Yes,Fiber optic,90.61,4703.06,No
CUST00556,Female,0,12,No,Fiber optic,29.01,354.35,No
CUST00557,Male,1,6,Yes,DSL,84.39,500.08,Yes
CUST00558,Male,1,24,No,No,61.69,1671.07,Yes
CUST00559,Female,1,45,Yes,DSL,61.34,2646.74,Yes
CUST00560,Male,0,31,Yes,Fiber optic,38.56,1285.4,Yes
CUST00561,Female,0,58,No,Fiber optic,80.83,4750.44,No
CUST00562,Female,0,2,No,Fiber optic,65.67,139.7,No
CUST00563,Female,0,22,Yes,Fiber optic,90.86,2112.81,No
CUST00564,Female,0,30,Yes,Fiber optic,63.42,1685.83,Yes
CUST00565,Male,0,68,No,Fiber optic,48.41,3315.67,No
CUST00566,Male,1,53,Yes,Fiber optic,92.02,4947.09,No
CUST00567,Female,0,54,No,No,25.05,,No
CUST00568,Female,0,3,Yes,No,84.2,282.12,No
CUST00569,Female,0,32,Yes,Fiber optic,83.87,2365.2,Yes
CUST00570,Male,0,68,No,DSL,92.33,6232.17,No
CUST00571,Male,1,54,No,DSL,87.02,4160.52,No
CUST00572,Female,0,6,Yes,Fiber optic,79.0,508.81,Yes
CUST00573,Male,0,25,Yes,No,37.91,839.06,No
CUST00574,Female,0,0,No,Fiber optic,91.2,,Yes
CUST00575,Female,0,61,No,Fiber optic,41.74,2090.76,No
CUST00576,Male,1,39,Yes,Fiber optic,88.91,3720.38,No
CUST00577,Male,0,36,Yes,Fiber optic,40.53,1644.7,No
CUST00578,Female,1,9,Yes,DSL,63.38,599.17,No
CUST00579,Male,0,63,Yes,No,91.27,6223.38,No
CUST00580,Male,0,1,Yes,Fiber optic,85.46,94.21,No
CUST00581,Female,0,50,Yes,Fiber optic,28.07,956.99,No
CUST00582,Male,0,27,Yes,Fiber optic,65.32,1941.54,Yes
CUST00583,Male,0,1,Yes,DSL,109.14,102.29,Yes
CUST00584,Male,0,24,Yes,DSL,78.35,1670.78,No
CUST00585,Female,0,29,Yes,Fiber optic,95.39,2815.64,No
CUST00586,Male,0,30,Yes,No,87.61,2441.02,No
CUST00587,Male,0,24,Yes,No,55.33,1097.98,No
CUST00588,Female,0,61,Yes,DSL,54.94,2777.67,No
CUST00589,Male,0,26,Yes,DSL,89.26,2293.0,No
CUST00590,Female,0,22,Yes,DSL,21.23,369.63,No
CUST00591,Male,0,37,Yes,Fiber optic,73.1,2874.5,No
CUST00592,Male,0,10,No,No,75.26,842.36,No
CUST00593,Female,0,7,No,Fiber optic,87.19,645.86,Yes
CUST00594,Female,0,26,Yes,No,67.74,1532.33,No
CUST00595,Female,0,1,Yes,DSL,81.96,75.58,Yes
CUST00596,Male,1,12,Yes,DSL,91.79,1099.4,No
CUST00597,Male,0,57,No,No,81.36,4370.67,No
CUST00598,Male,0,20,No,Fiber optic,76.43,1502.47,No
CUST00599,Male,0,30,Yes,No,81.79,2175.01,No
CUST00600,Male,0,4,Yes,DSL,69.3,250.78,No
CUST00601,Male,0,41,No,Fiber optic,59.5,2454.22,No
CUST00602,Female,0,47,Yes,No,31.67,1286.93,No
CUST00603,Male,0,60,No,DSL,89.8,5382.22,No
CUST00604,Female,0,3,No,DSL,82.81,245.47,Yes
CUST00605,Male,0,15,No,Fiber optic,92.29,1376.06,No
CUST00606,Male,0,37,Yes,DSL,35.34,1190.97,No
CUST00607,Male,0,10,No,DSL,94.0,847.95,Yes
CUST00608,Female,0,26,No,No,59.94,1567.55,No
CUST00609,Male,1,2,No,Fiber optic,73.53,157.1,No
CUST00610,Male,0,0,No,No,70.36,,Yes
CUST00611,Female,0,3,Yes,DSL,92.82,281.53,No
CUST00612,Male,0,69,Yes,DSL,46.89,3247.7,No
CUST00613,Male,0,45,No,DSL,79.02,3639.96,No
CUST00614,Male,0,5,No,DSL,74.12,420.54,No
CUST00615,Male,0,12,Yes,No,95.51,1099.55,No
CUST00616,Female,0,11,No,DSL,87.18,890.68,Yes
CUST00617,Male,0,10,Yes,Fiber optic,84.67,787.43,Yes
CUST00618,Female,1,15,No,Fiber optic,25.21,422.87,Yes
CUST00619,Female,0,7,Yes,DSL,87.17,649.24,No
CUST00620,Female,0,15,No,Fiber optic,71.86,1194.81,No
CUST00621,Female,0,8,Yes,DSL,102.18,846.61,No
CUST00622,Female,0,64,No,Fiber optic,47.86,3054.13,No
CUST00623,Female,0,72,No,Fiber optic,58.23,4156.87,No
CUST00624,Male,0,71,Yes,Fiber optic,76.31,5265.53,Yes
CUST00625,Male,0,8,Yes,DSL,69.31,573.23,No
CUST00626,Female,0,8,No,Fiber optic,100.09,801.47,Yes
CUST00627,Male,0,42,No,No,43.88,,No
CUST00628,Female,0,4,Yes,DSL,74.41,297.83,No
CUST00629,Male,0,5,No,DSL,82.26,441.49,No
CUST00630,Female,1,2,Yes,DSL,109.5,232.88,No
CUST00631,Male,1,60,Yes,Fiber optic,22.6,1070.27,No
CUST00632,Female,0,65,No,No,49.29,3791.55,No
CUST00633,Male,0,25,Yes,DSL,80.1,1924.09,No
CUST00634,Male,0,31,No,DSL,23.84,608.91,No
CUST00635,Male,1,18,No,Fiber optic,71.55,1283.9,No
CUST00636,Male,1,19,Yes,Fiber optic,82.93,1573.98,Yes
CUST00637,Male,0,7,Yes,DSL,109.31,,No
CUST00638,Male,1,62,No,Fiber optic,71.61,4247.3,No
CUST00639,Female,0,9,Yes,No,92.61,748.03,Yes
CUST00640,Female,0,12,Yes,Fiber optic,99.74,1299.89,No
CUST00641,Male,1,5,No,Fiber optic,99.58,547.49,No
CUST00642,Male,0,7,Yes,Fiber optic,98.87,696.51,Yes
CUST00643,Female,0,64,Yes,DSL,75.69,4848.24,No
CUST00644,Male,0,23,Yes,DSL,21.87,672.3,No
CUST00645,Male,0,22,Yes,No,59.45,1218.81,No
CUST00646,Male,1,67,Yes,Fiber optic,71.33,5200.91,No
CUST00647,Male,0,69,Yes,DSL,80.98,5419.86,No
CUST00648,Male,0,5,No,Fiber optic,93.45,441.33,No
CUST00649,Female,0,24,Yes,Fiber optic,41.36,1155.37,Yes
CUST00650,Female,0,59,No,Fiber optic,51.0,3477.91,No
CUST00651,Male,1,27,No,DSL,39.59,1270.74,No
CUST00652,Male,0,9,No,DSL,93.26,919.91,Yes
CUST00653,Female,0,11,No,Fiber optic,107.8,1292.94,Yes
CUST00654,Female,1,13,Yes,Fiber optic,47.78,583.93,Yes
CUST00655,Female,1,3,No,DSL,68.57,199.87,No
CUST00656,Male,0,13,No,Fiber optic,91.67,1216.71,No
CUST00657,Female,0,13,No,No,39.96,537.64,No
CUST00658,Male,0,43,Yes,No,24.98,1287.52,No
CUST00659,Female,0,31,Yes,DSL,85.68,2637.09,No
CUST00660,Female,0,6,No,DSL,80.96,526.48,No
CUST00661,Female,1,69,No,DSL,52.85,3846.58,No
CUST00662,Male,0,65,Yes,No,64.71,3656.49,No
CUST00663,Female,1,35,No,Fiber optic,43.42,1639.52,No
CUST00664,Male,1,14,No,Fiber optic,63.42,942.65,No
CUST00665,Male,0,23,No,Fiber optic,88.1,2118.7,No
CUST00666,Female,0,3,Yes,Fiber optic,62.37,211.83,Yes
CUST00667,Female,1,6,Yes,Fiber optic,99.78,558.75,Yes
CUST00668,Male,0,54,Yes,Fiber optic,88.8,5091.68,Yes
CUST00669,Male,0,30,No,Fiber optic,72.67,,No
CUST00670,Female,0,3,No,No,74.71,223.08,Yes
CUST00671,Female,0,6,Yes,Fiber optic,97.22,626.07,Yes
CUST00672,Male,1,7,No,Fiber optic,87.11,582.92,Yes
CUST00673,Female,0,70,Yes,DSL,96.08,6205.38,No
CUST00674,Female,0,25,Yes,No,49.24,1302.3,No
CUST00675,Male,0,54,No,Fiber optic,70.97,4171.76,Yes
CUST00676,Female,0,13,No,Fiber optic,43.7,658.86,No
CUST00677,Female,0,5,Yes,No,69.37,378.66,No
CUST00678,Female,0,6,Yes,Fiber optic,79.46,471.84,Yes
CUST00679,Female,0,41,No,Fiber optic,59.44,2469.89,Yes
CUST00680,Female,0,43,No,No,32.71,1722.88,No
CUST00681,Female,0,11,No,Fiber optic,96.27,1114.1,No
CUST00682,Female,0,62,Yes,DSL,79.93,4747.53,No
CUST00683,Female,0,9,No,DSL,104.7,889.22,Yes
CUST00684,Male,0,57,Yes,No,94.95,5156.23,No
CUST00685,Male,0,12,Yes,Fiber optic,93.69,1190.97,No
CUST00686,Male,1,3,Yes,DSL,92.7,,No
CUST00687,Male,0,8,No,No,69.49,570.69,No
CUST00688,Male,0,3,No,DSL,88.9,291.64,Yes
CUST00689,Male,1,48,Yes,No,26.41,890.24,No
CUST00690,Female,0,61,No,No,27.27,1989.51,No
CUST00691,Female,0,11,No,DSL,71.24,808.86,Yes
CUST00692,Male,0,17,No,DSL,69.71,1332.6,No
CUST00693,Female,1,3,Yes,Fiber optic,63.39,194.14,No
CUST00694,Female,1,65,Yes,DSL,81.79,4871.97,No
CUST00695,Female,0,1,Yes,Fiber optic,105.39,109.46,Yes
CUST00696,Female,0,64,Yes,Fiber optic,86.4,5884.26,Yes
CUST00697,Female,0,9,No,Fiber optic,89.44,847.44,Yes
CUST00698,Female,1,68,Yes,DSL,97.42,6730.32,No
CUST00699,Female,0,34,Yes,DSL,85.08,2640.92,No
CUST00700,Female,0,29,Yes,No,67.96,1992.88,No
CUST00701,Male,0,12,No,No,89.44,989.21,No
CUST00702,Female,0,4,No,DSL,105.04,458.53,No
CUST00703,Male,0,10,No,No,91.57,927.82,Yes
CUST00704,Female,0,19,Yes,No,45.75,689.41,No
CUST00705,Male,0,15,Yes,Fiber optic,79.38,,No
CUST00706,Female,0,43,Yes,No,91.8,4171.5,No
CUST00707,Male,0,9,Yes,DSL,66.14,658.98,No
CUST00708,Male,0,2,Yes,Fiber optic,94.32,206.12,Yes
CUST00709,Male,0,19,No,DSL,76.12,1504.29,No
CUST00710,Male,0,47,No,DSL,63.73,2642.34,No
CUST00711,Female,0,46,No,Fiber optic,78.99,3266.84,No
CUST00712,Male,0,43,Yes,DSL,39.0,1391.12,No
CUST00713,Female,0,4,No,DSL,62.01,260.87,No
CUST00714,Female,1,11,Yes,No,78.63,860.38,No
CUST00715,Male,0,12,No,No,84.73,928.37,No
CUST00716,Male,0,59,No,DSL,83.85,5030.8,No
CUST00717,Male,0,43,No,No,53.72,2377.59,No
CUST00718,Male,1,44,Yes,No,44.56,2172.98,Yes
CUST00719,Female,1,8,No,Fiber optic,93.21,723.01,Yes
CUST00720,Female,0,55,No,Fiber optic,34.77,2283.33,No
CUST00721,Female,1,41,No,DSL,74.03,3387.11,No
CUST00722,Male,0,48,Yes,Fiber optic,58.53,2833.52,No
CUST00723,Female,0,2,Yes,Fiber optic,71.03,124.53,No
CUST00724,Female,0,19,Yes,No,35.03,645.51,No
CUST00725,Male,0,27,Yes,No,59.84,1873.46,No
CUST00726,Male,0,1,Yes,No,72.15,72.53,Yes
CUST00727,Female,0,68,No,No,79.6,5591.48,No
CUST00728,Female,0,48,Yes,Fiber optic,70.02,3605.45,No
CUST00729,Male,0,2,Yes,No,71.41,161.33,No
CUST00730,Female,0,36,No,Fiber optic,40.07,1739.18,No
CUST00731,Female,1,5,No,DSL,87.55,447.51,Yes
CUST00732,Male,0,1,Yes,No,101.96,100.58,No
CUST00733,Female,0,9,No,DSL,103.76,884.95,No
CUST00734,Female,0,11,Yes,Fiber optic,61.59,774.73,No
CUST00735,Female,1,9,No,No,99.61,910.68,Yes
CUST00736,Female,0,4,No,DSL,94.14,403.33,No
CUST00737,Male,0,8,No,DSL,70.71,533.71,No
CUST00738,Female,0,6,No,Fiber optic,66.45,370.01,No
CUST00739,Female,0,40,Yes,DSL,67.04,2542.58,No
CUST00740,Male,0,54,Yes,Fiber optic,89.56,4372.5,No
CUST00741,Male,0,19,No,Fiber optic,20.78,,No
CUST00742,Female,0,4,No,DSL,78.82,299.27,Yes
CUST00743,Male,0,15,No,DSL,91.7,1268.14,No
CUST00744,Female,1,69,No,Fiber optic,22.14,1322.57,No
CUST00745,Male,0,63,No,No,80.15,5652.32,No
CUST00746,Female,0,3,Yes,Fiber optic,104.62,317.78,Yes
CUST00747,Female,1,3,No,DSL,63.59,,Yes
CUST00748,Male,0,68,No,No,50.47,4071.28,No
CUST00749,Male,0,6,Yes,DSL,82.77,458.67,No
CUST00750,Male,0,1,Yes,Fiber optic,91.9,98.62,No
CUST00751,Female,0,4,No,Fiber optic,91.77,400.77,Yes
CUST00752,Male,0,27,Yes,DSL,28.35,678.93,No
CUST00753,Male,0,5,Yes,No,62.87,350.98,No
CUST00754,Female,0,34,No,Fiber optic,94.4,3027.44,No
CUST00755,Male,1,9,Yes,No,85.4,743.94,Yes
CUST00756,Male,0,3,No,DSL,78.46,241.47,No
CUST00757,Male,0,6,No,DSL,103.97,664.15,Yes
CUST00758,Male,0,52,Yes,Fiber optic,63.16,2770.83,No
CUST00759,Female,1,4,Yes,Fiber optic,90.05,334.4,No
CUST00760,Female,1,9,No,DSL,63.64,482.84,No
CUST00761,Male,1,38,Yes,DSL,53.53,1748.11,No
CUST00762,Female,0,9,Yes,Fiber optic,66.55,592.68,Yes
CUST00763,Male,0,26,Yes,No,86.93,2172.53,No
CUST00764,Male,0,1,No,DSL,89.16,98.26,Yes
CUST00765,Male,0,2,Yes,Fiber optic,104.68,205.15,Yes
CUST00766,Male,1,72,No,DSL,24.56,1695.72,No
CUST00767,Male,0,4,No,Fiber optic,74.98,277.41,No
CUST00768,Female,0,54,No,No,99.26,4877.82,No
CUST00769,Female,0,53,No,DSL,37.09,2320.23,No
CUST00770,Female,0,6,Yes,Fiber optic,99.55,565.55,Yes
CUST00771,Male,0,30,No,DSL,84.77,2752.98,No
CUST00772,Male,1,55,Yes,DSL,84.47,5121.45,No
CUST00773,Male,0,43,No,DSL,55.4,2228.08,No
CUST00774,Male,0,35,Yes,Fiber optic,27.85,1185.48,No
CUST00775,Male,0,70,No,No,51.2,3333.2,No
CUST00776,Female,1,24,Yes,Fiber optic,86.67,1900.47,No
CUST00777,Female,0,41,Yes,DSL,50.33,2113.71,No
CUST00778,Female,0,4,No,No,70.2,305.54,Yes
CUST00779,Male,1,8,No,Fiber optic,60.94,421.46,Yes
CUST00780,Male,0,11,No,No,63.69,714.38,No
CUST00781,Female,0,62,No,No,60.52,4010.87,No
CUST00782,Female,0,1,Yes,No,71.92,66.12,No
CUST00783,Male,0,64,Yes,DSL,66.17,4365.02,No
CUST00784,Female,0,53,No,DSL,39.71,1615.1,No
CUST00785,Female,0,9,Yes,DSL,89.83,,Yes
CUST00786,Female,0,0,Yes,No,88.79,,No
CUST00787,Female,0,29,Yes,Fiber optic,90.86,2748.04,Yes
CUST00788,Female,0,7,Yes,Fiber optic,99.44,676.71,Yes
CUST00789,Male,1,9,No,Fiber optic,83.65,,Yes
CUST00790,Female,1,40,No,No,75.98,3070.97,Yes
CUST00791,Female,1,43,No,Fiber optic,40.4,1317.83,No
CUST00792,Male,1,3,No,No,92.42,306.16,Yes
CUST00793,Female,0,55,Yes,DSL,74.64,3586.23,No
CUST00794,Male,0,0,Yes,DSL,90.39,,No
CUST00795,Female,1,30,No,Fiber optic,87.69,2464.43,No
CUST00796,Female,0,20,No,Fiber optic,55.19,1084.42,Yes
CUST00797,Female,0,4,Yes,No,107.6,450.83,Yes
CUST00798,Male,0,40,Yes,No,38.76,1600.73,No
CUST00799,Female,0,12,No,Fiber optic,24.59,365.38,Yes
CUST00800,Female,0,53,No,Fiber optic,58.65,3314.67,No
CUST00801,Female,0,12,Yes,Fiber optic,38.56,417.7,Yes
CUST00802,Male,0,33,No,DSL,55.64,1992.98,No
CUST00803,Male,1,27,No,No,21.82,755.07,No
CUST00804,Female,0,24,No,Fiber optic,90.96,2398.46,Yes
CUST00805,Male,0,24,No,Fiber optic,89.95,,Yes
CUST00806,Female,0,45,Yes,DSL,45.58,1842.34,No
CUST00807,Female,0,7,No,No,78.98,515.85,Yes
CUST00808,Male,0,58,No,No,45.14,2825.92,No
CUST00809,Female,0,56,No,No,37.29,2397.19,No
CUST00810,Male,0,8,No,Fiber optic,62.14,496.62,Yes
CUST00811,Male,1,24,Yes,DSL,97.63,,No
CUST00812,Male,0,50,Yes,No,31.3,1416.63,No
CUST00813,Male,1,55,Yes,DSL,50.38,3087.95,Yes
CUST00814,Female,0,24,No,Fiber optic,67.51,1823.5,Yes
CUST00815,Male,1,6,Yes,DSL,68.46,436.74,No
CUST00816,Male,0,40,Yes,No,38.99,1916.43,No
CUST00817,Male,0,38,No,DSL,41.48,1863.73,No
CUST00818,Male,1,1,Yes,DSL,95.9,,Yes
CUST00819,Male,0,38,No,No,28.93,1342.42,No
CUST00820,Female,0,15,Yes,Fiber optic,33.56,579.38,No
CUST00821,Female,0,50,Yes,DSL,74.87,3399.25,No
CUST00822,Female,0,9,No,Fiber optic,69.89,659.43,No
CUST00823,Male,0,64,No,DSL,95.47,6160.56,No
CUST00824,Male,0,8,Yes,Fiber optic,103.45,755.25,Yes
CUST00825,Female,0,45,Yes,No,55.5,2824.48,No
CUST00826,Female,0,34,No,Fiber optic,27.26,702.44,Yes
CUST00827,Female,0,30,No,No,40.64,,No
CUST00828,Female,0,1,Yes,Fiber optic,70.01,75.95,No
CUST00829,Female,0,5,No,DSL,91.6,426.95,Yes
CUST00830,Female,0,14,Yes,DSL,37.45,644.54,No
CUST00831,Female,0,35,No,No,79.11,2904.92,No
CUST00832,Female,0,5,No,Fiber optic,86.0,436.74,Yes
CUST00833,Female,1,23,Yes,DSL,84.27,2103.99,No
CUST00834,Male,0,37,No,Fiber optic,48.03,2131.06,No
CUST00835,Female,0,67,No,DSL,99.79,6208.67,No
CUST00836,Male,0,18,Yes,Fiber optic,30.26,720.34,No
CUST00837,Male,1,29,No,No,46.02,1424.66,Yes
CUST00838,Female,0,64,No,Fiber optic,28.9,1656.79,No
CUST00839,Male,0,3,No,Fiber optic,66.65,225.01,No
CUST00840,Male,0,11,No,Fiber optic,63.14,593.99,No
CUST00841,Female,0,54,Yes,No,89.94,5238.05,No
CUST00842,Female,1,12,No,Fiber optic,63.26,753.24,Yes
CUST00843,Male,1,56,No,DSL,48.55,,Yes
CUST00844,Female,0,17,No,Fiber optic,55.57,904.73,No
CUST00845,Male,0,7,Yes,DSL,80.05,524.91,Yes
CUST00846,Male,0,1,No,DSL,69.77,75.17,No
CUST00847,Female,0,12,Yes,Fiber optic,83.42,1024.58,Yes
CUST00848,Male,0,41,Yes,DSL,28.44,884.95,No
CUST00849,Male,0,50,Yes,Fiber optic,56.32,3034.42,No
CUST00850,Female,0,47,No,DSL,64.02,2696.81,No
CUST00851,Female,0,22,Yes,Fiber optic,85.38,1819.09,No
CUST00852,Male,0,38,No,Fiber optic,90.89,3151.46,No
CUST00853,Female,0,1,Yes,Fiber optic,60.85,52.67,No
CUST00854,Female,0,68,No,No,78.97,5492.94,No
CUST00855,Female,0,14,Yes,Fiber optic,53.99,895.53,No
CUST00856,Female,1,37,No,Fiber optic,32.47,1056.66,No
CUST00857,Female,0,25,No,DSL,81.71,1999.88,No
CUST00858,Female,0,2,Yes,Fiber optic,101.33,194.26,No
CUST00859,Female,0,68,No,DSL,22.84,1680.07,No
CUST00860,Female,1,7,Yes,No,72.29,558.58,Yes
CUST00861,Male,0,12,Yes,Fiber optic,72.78,933.13,No
CUST00862,Male,0,64,Yes,DSL,89.24,5688.67,No
CUST00863,Female,0,6,No,DSL,103.11,590.88,No
CUST00864,Male,0,6,No,DSL,88.79,499.53,Yes
CUST00865,Female,0,60,No,Fiber optic,93.64,6005.41,Yes
CUST00866,Male,0,64,Yes,Fiber optic,70.77,4775.89,No
CUST00867,Female,1,37,Yes,DSL,89.13,3215.72,No
CUST00868,Male,0,15,Yes,DSL,39.36,710.05,No
CUST00869,Female,0,15,No,DSL,54.86,942.25,No
CUST00870,Male,1,50,Yes,Fiber optic,31.54,1286.36,Yes
CUST00871,Male,0,72,Yes,Fiber optic,32.21,2872.19,No
CUST00872,Female,0,65,Yes,DSL,68.56,4135.83,No
CUST00873,Female,0,0,No,No,97.34,,No
CUST00874,Female,0,34,No,Fiber optic,76.96,2386.32,Yes
CUST00875,Male,0,49,Yes,DSL,59.3,3052.24,No
CUST00876,Male,0,31,Yes,Fiber optic,75.91,2502.31,No
CUST00877,Female,1,2,No,DSL,71.17,148.6,No
CUST00878,Male,0,67,Yes,DSL,47.85,2573.37,No
CUST00879,Male,0,6,No,Fiber optic,74.62,497.51,Yes
CUST00880,Male,0,68,Yes,Fiber optic,49.39,3452.2,Yes
CUST00881,Male,0,14,Yes,DSL,99.32,1443.84,No
CUST00882,Female,0,67,Yes,Fiber optic,84.94,5115.17,No
CUST00883,Female,0,10,Yes,DSL,85.46,794.68,Yes
CUST00884,Female,1,12,Yes,No,60.86,690.41,Yes
CUST00885,Male,0,19,No,DSL,62.91,1219.55,No
CUST00886,Female,0,5,No,Fiber optic,77.13,,Yes
CUST00887,Female,0,18,No,Fiber optic,60.62,1270.02,No
CUST00888,Male,0,63,No,No,67.02,,No
CUST00889,Female,0,42,Yes,DSL,24.58,,No
CUST00890,Female,0,31,No,Fiber optic,70.9,2507.62,No
CUST00891,Male,0,11,No,Fiber optic,92.13,1086.78,No
CUST00892,Female,0,3,Yes,Fiber optic,106.56,304.54,Yes
CUST00893,Female,0,15,No,Fiber optic,95.18,1420.58,No
CUST00894,Male,0,3,No,Fiber optic,76.22,200.0,No
CUST00895,Female,0,56,Yes,DSL,71.64,4243.5,No
CUST00896,Female,0,35,No,Fiber optic,57.41,,Yes
CUST00897,Male,0,22,Yes,No,31.15,683.77,No
CUST00898,Male,0,61,No,No,95.61,6283.91,No
CUST00899,Male,1,0,Yes,DSL,83.34,,No
CUST00900,Female,1,8,No,DSL,76.73,608.13,Yes
CUST00901,Female,0,29,Yes,DSL,36.42,1073.1,No
CUST00902,Female,1,1,No,Fiber optic,63.87,58.96,No
CUST00903,Female,0,34,No,Fiber optic,31.7,998.8,No
CUST00904,Female,0,58,Yes,DSL,21.98,712.05,No
CUST00905,Female,0,16,No,No,67.8,1008.09,No
CUST00906,Male,1,71,No,Fiber optic,69.42,5122.97,No
CUST00907,Male,1,56,No,No,43.0,2553.56,No
CUST00908,Male,1,1,Yes,Fiber optic,75.99,75.18,No
CUST00909,Male,0,47,Yes,No,27.7,1181.05,No
CUST00910,Male,0,58,No,DSL,35.67,1926.09,No
CUST00911,Female,0,63,Yes,Fiber optic,93.31,6118.75,No
CUST00912,Male,0,26,No,DSL,22.71,812.44,No
CUST00913,Male,0,44,No,DSL,80.91,3471.28,No
CUST00914,Female,0,24,Yes,DSL,41.33,882.95,No
CUST00915,Male,1,16,Yes,Fiber optic,30.88,561.61,No
CUST00916,Female,0,7,Yes,Fiber optic,96.6,,No
CUST00917,Female,0,30,Yes,Fiber optic,53.86,1892.27,No
CUST00918,Female,0,33,No,DSL,82.38,2560.84,No
CUST00919,Female,1,2,Yes,Fiber optic,60.49,126.49,No
CUST00920,Female,0,41,Yes,Fiber optic,70.85,3248.41,No
CUST00921,Male,0,18,No,Fiber optic,63.84,1080.12,No
CUST00922,Male,0,58,Yes,DSL,80.14,5213.62,No
CUST00923,Male,0,72,Yes,DSL,51.16,3233.29,No
CUST00924,Female,0,11,No,DSL,77.4,756.09,No
CUST00925,Male,0,69,Yes,DSL,38.01,2627.82,No
CUST00926,Female,1,6,Yes,DSL,68.12,436.98,No
CUST00927,Male,0,2,Yes,Fiber optic,99.07,215.17,No
CUST00928,Female,0,66,No,DSL,67.98,4626.07,No
CUST00929,Female,1,1,No,Fiber optic,85.7,80.29,Yes
CUST00930,Male,0,58,Yes,Fiber optic,50.58,3043.79,Yes
CUST00931,Male,0,47,No,No,49.0,2388.77,No
CUST00932,Female,0,53,No,Fiber optic,20.83,1171.16,No
CUST00933,Male,1,23,No,No,62.34,1556.02,No
CUST00934,Female,0,16,No,Fiber optic,77.42,1089.46,No
CUST00935,Male,0,24,No,Fiber optic,45.4,1101.0,No
CUST00936,Male,0,9,Yes,No,76.28,614.44,Yes
CUST00937,Male,1,72,No,Fiber optic,39.82,2960.1,Yes
CUST00938,Male,0,69,No,DSL,64.98,4505.75,No
CUST00939,Female,0,61,Yes,DSL,45.38,3254.48,No
CUST00940,Female,0,0,Yes,Fiber optic,108.12,,No
CUST00941,Male,0,12,No,Fiber optic,30.33,297.88,Yes
CUST00942,Male,1,5,No,Fiber optic,78.08,381.67,No
CUST00943,Male,0,1,Yes,Fiber optic,78.0,83.86,No
CUST00944,Male,0,6,No,Fiber optic,64.19,426.97,No
CUST00945,Male,0,67,No,DSL,87.17,6259.96,No
CUST00946,Female,0,1,No,DSL,80.36,83.97,Yes
CUST00947,Male,0,67,No,Fiber optic,54.16,3960.15,Yes
CUST00948,Male,0,0,No,DSL,83.85,,No
CUST00949,Female,0,39,Yes,Fiber optic,99.57,3873.94,Yes
CUST00950,Male,0,56,No,DSL,38.28,2593.74,No
CUST00951,Male,0,39,Yes,DSL,72.38,3170.05,No
CUST00952,Male,0,42,No,DSL,21.6,783.24,No
CUST00953,Male,0,5,Yes,No,109.13,503.66,No
CUST00954,Male,1,70,Yes,DSL,55.13,,No
CUST00955,Female,1,56,No,DSL,47.08,2578.75,No
CUST00956,Male,0,12,Yes,No,87.37,1106.67,No
CUST00957,Female,0,39,No,DSL,23.65,897.2,No
CUST00958,Male,0,48,Yes,Fiber optic,62.15,3336.81,No
CUST00959,Male,0,10,Yes,Fiber optic,83.84,844.95,No
CUST00960,Female,0,72,Yes,DSL,79.46,5338.34,No
CUST00961,Female,0,29,Yes,DSL,77.05,2171.9,No
CUST00962,Male,0,31,Yes,Fiber optic,76.66,2167.87,No
CUST00963,Female,1,41,Yes,No,50.66,2339.72,No
CUST00964,Female,0,15,Yes,Fiber optic,58.28,730.57,No
CUST00965,Female,0,3,Yes,DSL,67.88,215.95,No
CUST00966,Female,0,9,Yes,No,91.96,798.4,Yes
CUST00967,Male,0,18,No,Fiber optic,87.95,1744.79,Yes
CUST00968,Female,0,53,No,DSL,67.28,3465.74,No
CUST00969,Female,0,8,No,DSL,67.19,474.35,No
CUST00970,Female,0,7,No,DSL,76.98,474.04,No
CUST00971,Female,0,30,Yes,DSL,25.78,789.34,No
CUST00972,Female,0,1,Yes,No,86.84,93.47,No
CUST00973,Female,0,10,No,No,67.4,615.86,No
CUST00974,Female,0,18,No,No,43.45,715.76,No
CUST00975,Female,0,18,Yes,No,84.82,1611.58,No
CUST00976,Female,1,64,No,DSL,55.98,3982.31,Yes
CUST00977,Male,0,27,Yes,DSL,64.69,1579.65,No
CUST00978,Female,1,43,Yes,DSL,53.58,1923.33,No
CUST00979,Male,0,42,No,Fiber optic,66.17,2492.88,Yes
CUST00980,Male,0,23,No,Fiber optic,97.77,2423.57,No
CUST00981,Female,0,2,No,DSL,86.35,158.61,No
CUST00982,Male,0,57,Yes,No,89.91,5570.95,No
CUST00983,Male,0,5,Yes,No,95.68,481.79,Yes
CUST00984,Female,0,0,No,DSL,67.59,,No
CUST00985,Male,1,63,Yes,Fiber optic,75.48,4639.93,Yes
CUST00986,Male,0,32,No,No,73.63,2444.4,No
CUST00987,Male,1,4,No,DSL,70.14,287.17,Yes
CUST00988,Female,0,54,Yes,Fiber optic,57.53,2927.21,No
CUST00989,Female,1,16,No,Fiber optic,79.52,1234.74,No
CUST00990,Male,1,66,No,DSL,54.34,,No
CUST00991,Female,0,28,Yes,No,68.1,2139.13,No
CUST00992,Male,0,8,No,Fiber optic,104.31,867.11,Yes
CUST00993,Female,0,9,No,No,104.18,957.95,No
CUST00994,Female,0,11,Yes,Fiber optic,93.16,1005.33,Yes
CUST00995,Male,0,68,No,Fiber optic,45.11,3607.42,No
CUST00996,Male,0,5,Yes,DSL,103.69,,No
CUST00997,Female,1,10,Yes,DSL,83.3,798.24,No
CUST00998,Female,1,7,No,Fiber optic,103.32,784.25,Yes
CUST00999,Male,0,11,No,DSL,97.31,1157.86,Yes
CUST01000,Female,0,0,Yes,DSL,83.3,,Yes
